PROBE_ID,PROBE_SEQUENCE,PM
BBA_J23100,TTGACGGCTAGCTCAGTCCTAGGTACAGTGCTAGC,1.0
BBA_J23101,TTTACAGCTAGCTCAGTCCTAGGTATTATGCTAGC,0.7
BBA_J23102,TTGACAGCTAGCTCAGTCCTAGGTACTGTGCTAGC,0.86
BBA_J23103,CTGATAGCTAGCTCAGTCCTAGGGATTATGCTAGC,0.01
BBA_J23104,TTGACAGCTAGCTCAGTCCTAGGTATTGTGCTAGC,0.72
BBA_J23105,TTTACGGCTAGCTCAGTCCTAGGTACTATGCTAGC,0.24
BBA_J23106,TTTACGGCTAGCTCAGTCCTAGGTATAGTGCTAGC,0.47
BBA_J23107,TTTACGGCTAGCTCAGCCCTAGGTATTATGCTAGC,0.36
BBA_J23108,CTGACAGCTAGCTCAGTCCTAGGTATAATGCTAGC,0.51
BBA_J23109,TTTACAGCTAGCTCAGTCCTAGGGACTGTGCTAGC,0.04
BBA_J23110,TTTACGGCTAGCTCAGTCCTAGGTACAATGCTAGC,0.33
BBA_J23111,TTGACGGCTAGCTCAGTCCTAGGTATAGTGCTAGC,0.58
BBA_J23112,CTGATAGCTAGCTCAGTCCTAGGGATTATGCTAGC,0.0
BBA_J23113,CTGATGGCTAGCTCAGTCCTAGGGATTATGCTAGC,0.01
BBA_J23114,TTTATGGCTAGCTCAGTCCTAGGTACAATGCTAGC,0.1
BBA_J23115,TTTATAGCTAGCTCAGCCCTTGGTACAATGCTAGC,0.15
BBA_J23116,TTGACAGCTAGCTCAGTCCTAGGGACTATGCTAGC,0.16
BBA_J23117,TTGACAGCTAGCTCAGTCCTAGGGATTGTGCTAGC,0.06
BBA_J23118,TTGACGGCTAGCTCAGTCCTAGGTATTGTGCTAGC,0.56
